R0_nom,beta_R,gamma,r2_resistance_cycle,Q0_nom,kQ,r2_capacity_resistance,alpha_Q,kappa,r2_capacity_calendar,E0_mean,E0_std,E0_cv,Ea,Rg,lambda_soc,storage_soc,file,batch
0.05646130616081487,0.001996922584232352,0.9679206661831143,0.8711530897777274,1.991,6.705688922443284,0.735181360550454,0.0003797382039867124,0.0,0.7360105149421575,3.5727610256410256,0.03075441463368927,0.00860802455383125,50000.0,8.314,1.5,0.8,2C_battery-1.mat,Batch-1
0.05598441890932342,0.0022365749397377484,0.9517817057714764,0.8929243590707038,1.988,6.859026447142063,0.7518298615023229,0.0004320129113967312,0.0,0.7444825478361727,3.5714049140049138,0.03144613702177285,0.008804976690954284,50000.0,8.314,1.5,0.8,2C_battery-2.mat,Batch-1
0.05653320853508037,0.0016821063447073556,1.001086178228446,0.8786625590996768,1.987,7.302466345608462,0.7682563027844156,0.0003494851931483029,0.0,0.7678919877011685,3.5718882951653943,0.031657780706831506,0.008863037724242608,50000.0,8.314,1.5,0.8,2C_battery-3.mat,Batch-1
0.05657997171001399,0.0012773797058645072,1.0613248329614442,0.9054011537756361,1.99,6.491180987164664,0.7603112641304841,0.0002357509111819944,0.0,0.7476704207893043,3.5676047979797976,0.03469867042848533,0.009726040969597838,50000.0,8.314,1.5,0.8,2C_battery-4.mat,Batch-1
0.05969526121895548,0.00047059988235519237,1.2116424874873544,0.8924607472083914,2.017,8.277332143240981,0.8309668260383928,0.00011528588967830542,0.0,0.8597168722468802,3.5635004962779155,0.03524472541713006,0.009890478604940073,50000.0,8.314,1.5,0.8,2C_battery-5.mat,Batch-1
0.057853876050194326,0.0012798279965135202,1.0381782645231226,0.8784853715148276,2.024,8.37723468811173,0.8070484348669769,0.0003064603132881237,0.0,0.8299542457304376,3.5657887254901963,0.033501014329729226,0.009395120381150392,50000.0,8.314,1.5,0.8,2C_battery-6.mat,Batch-1
0.06258150000000029,0.0002249103260165931,1.3164333628081255,0.860999365362751,2.043,10.027630125081712,0.8105600575469283,6.908524518798882e-05,900574.4259064188,0.897684235395242,3.564204975124378,0.03223821278091946,0.009044994046616095,50000.0,8.314,1.5,0.8,2C_battery-7.mat,Batch-1
0.06152756930701509,0.0006664606657437173,1.1319845592054594,0.8864237733629617,2.008,7.744112113312558,0.7828583199280308,0.00015814381238628928,92922.70235531082,0.8385531256851683,3.561643333333333,0.03312815057194501,0.009301366664623448,50000.0,8.314,1.5,0.8,2C_battery-8.mat,Batch-1
