cycle_count,tte_hours
0,8.498333333333333
200,8.498333333333333
500,8.498333333333333
