cell,Q0,alpha,beta,rmse_Ah,mae_Ah,rel_err_pct,n_points,N_max,xjtu_rmse_Ah,xjtu_rel_err_pct
RW3,2.0059373,2.6995805646203818e-05,1.1226438945667159,0.042793222093430054,0.035392896102065245,2.510232786622929,44,5440,3.2183580821498494,208.60895070870225
RW4,1.9743299638888892,6.986994372429055e-05,1.0216107079605192,0.045310306500696715,0.036355767387110875,2.4965047419936646,38,4563,2.5937179102513896,164.4387108705628
RW5,1.9664541666666668,2.646744252396928e-05,1.1315187736151315,0.03704666997554964,0.03071826596343965,2.101944497695457,42,4850,2.8194954706087363,181.43969012592183
RW6,1.9243904402777778,1.1664915563830094e-05,1.2729426868456177,0.026663252004937993,0.02006319174547635,1.2947781673202678,22,2860,1.400579871407523,79.38706455490014
