scenario,background_extra,tte_hours
Standby,0.0,19.714166666666667
Standby,0.1,15.893055555555556
Standby,0.2,13.30861111111111
Navigation,0.0,9.070833333333333
Navigation,0.1,8.159722222222221
Navigation,0.2,7.413611111111111
Gaming,0.0,3.8425
Gaming,0.1,3.8425
Gaming,0.2,3.8425
Video,0.0,6.416666666666667
Video,0.1,5.943611111111111
Video,0.2,5.535
Reading,0.0,9.691944444444445
Reading,0.1,8.66
Reading,0.2,7.825
